Feature,Coefficient,P_Value,Significant,Impact,Impact_Percentage
has_discount,-0.18637579188167844,0.039337716177748755,True,-0.43333519740330867,-43.333519740330864
has_payment,0.09617365768442881,0.19586885257797512,False,0.22360967868690823,22.360967868690825
has_facility,-0.09131654256062914,0.14655393508372686,False,-0.21231658681197985,-21.231658681197985
has_schedule,-0.08694165378946389,0.2998697360824471,False,-0.20214470091344017,-20.214470091344015
has_tech,0.08220672328466198,0.1602566644744819,False,0.19113569580460132,19.113569580460133
